{
  "model_tag": "qwen2.5_7b",
  "accuracy": 0.97,
  "macro_precision": 0.974415164951043,
  "macro_recall": 0.956111111111111,
  "macro_f1": 0.9644257743024643,
  "per_class": {
    "法律类": {
      "Precision": 0.9635332252836305,
      "Recall": 0.9908333333333333,
      "F1": 0.9769926047658175
    },
    "违规类": {
      "Precision": 0.9696132596685083,
      "Recall": 0.8775,
      "F1": 0.9212598425196851
    },
    "闲聊类": {
      "Precision": 0.9900990099009901,
      "Recall": 1.0,
      "F1": 0.9950248756218906
    }
  }
}