{
  "model_tag": "qwen2.5_0.5b",
  "accuracy": 0.5055,
  "macro_precision": 0.6360743421137959,
  "macro_recall": 0.48194444444444445,
  "macro_f1": 0.5210724539889219,
  "per_class": {
    "法律类": {
      "Precision": 0.6656410256410257,
      "Recall": 0.5408333333333334,
      "F1": 0.5967816091954022
    },
    "违规类": {
      "Precision": 0.25796661608497723,
      "Recall": 0.425,
      "F1": 0.32105760151085927
    },
    "闲聊类": {
      "Precision": 0.9846153846153847,
      "Recall": 0.48,
      "F1": 0.6453781512605041
    }
  }
}