{
  "model_tag": "qwen2.5_1.5b",
  "accuracy": 0.9515,
  "macro_precision": 0.9503365427939637,
  "macro_recall": 0.9336111111111111,
  "macro_f1": 0.9405403258007802,
  "per_class": {
    "法律类": {
      "Precision": 0.9521492295214923,
      "Recall": 0.9783333333333334,
      "F1": 0.9650637073571723
    },
    "违规类": {
      "Precision": 0.9373219373219374,
      "Recall": 0.8225,
      "F1": 0.8761651131824234
    },
    "闲聊类": {
      "Precision": 0.9615384615384616,
      "Recall": 1.0,
      "F1": 0.9803921568627451
    }
  }
}