{
  "model_tag": "qwen2.5_1.5b",
  "accuracy": 0.8945,
  "macro_precision": 0.9147232398291346,
  "macro_recall": 0.8351608187134504,
  "macro_f1": 0.8542918294826198,
  "per_class": {
    "法律类": {
      "Precision": 0.8767631774313289,
      "Recall": 0.9841666666666666,
      "F1": 0.9273655280722418
    },
    "违规类": {
      "Precision": 0.9375,
      "Recall": 0.5263157894736842,
      "F1": 0.6741573033707865
    },
    "闲聊类": {
      "Precision": 0.9299065420560748,
      "Recall": 0.995,
      "F1": 0.9613526570048311
    }
  }
}
