{
  "model_tag": "qwen2.5_3b",
  "accuracy": 0.965,
  "macro_precision": 0.966813624978947,
  "macro_recall": 0.9544444444444444,
  "macro_f1": 0.9602804715653394,
  "per_class": {
    "法律类": {
      "Precision": 0.9616013071895425,
      "Recall": 0.9808333333333333,
      "F1": 0.9711221122112211
    },
    "违规类": {
      "Precision": 0.9413333333333334,
      "Recall": 0.8825,
      "F1": 0.9109677419354838
    },
    "闲聊类": {
      "Precision": 0.9975062344139651,
      "Recall": 1.0,
      "F1": 0.9987515605493134
    }
  }
}